{"cameraMode":{"drawMode":0,"name":"Shaded","section":"Shading Mode"},"sceneLighting":true,"audioPlay":false,"sceneViewState":{"showFog":true,"showMaterialUpdate":false,"showSkybox":true,"showFlares":true,"showImageEffects":true,"showParticleSystems":true},"in2DMode":false,"pivot":{"x":17.959712982177736,"y":-86.6627197265625,"z":-5.449999809265137},"rotation":{"x":-0.112561896443367,"y":0.012517433613538742,"z":-0.0014181309379637242,"w":-0.9935648441314697},"size":1.472808599472046,"orthographic":true}